z,sigmoid,tanh
-5,0.00669285092428486,-0.999909204262595
-4.99,0.00675966051071325,-0.999907370151982
-4.98,0.00682713242213816,-0.999905498993342
-4.97,0.00689527313264614,-0.9999035900384
-4.96,0.00696408917776209,-0.999901642523764
-4.95,0.00703358715499516,-0.999899655670632
-4.94,0.00710377372438878,-0.999897628684473
-4.93,0.00717465560907474,-0.999895560754711
-4.92,0.00724623959583143,-0.999893451054404
-4.91,0.00731853253564622,-0.999891298739911
-4.9,0.00739154134428197,-0.999889102950554
-4.89,0.00746527300284769,-0.999886862808279
-4.88,0.00753973455837339,-0.9998845774173
-4.87,0.00761493312438916,-0.999882245863744
-4.86,0.00769087588150833,-0.999879867215283
-4.85,0.007767570078015,-0.999877440520767
-4.84,0.00784502303045563,-0.999874964809839
-4.83,0.00792324212423498,-0.999872439092548
-4.82,0.00800223481421624,-0.999869862358959
-4.81,0.0080820086253254,-0.99986723357874
-4.8,0.0081625711531599,-0.99986455170076
-4.79,0.00824393006460156,-0.999861815652664
-4.78,0.00832609309843378,-0.999859024340445
-4.77,0.00840906806596298,-0.999856176648007
-4.76,0.00849286285164435,-0.999853271436724
-4.75,0.00857748541371198,-0.999850307544979
-4.74,0.00866294378481316,-0.999847283787701
-4.73,0.00874924607264706,-0.999844198955898
-4.72,0.00883640046060772,-0.999841051816165
-4.71,0.00892441520843132,-0.999837841110201
-4.7,0.00901329865284782,-0.999834565554297
-4.69,0.00910305920823688,-0.999831223838832
-4.68,0.00919370536728809,-0.999827814627745
-4.67,0.00928524570166557,-0.999824336558004
-4.66,0.00937768886267686,-0.999820788239061
-4.65,0.00947104358194611,-0.999817168252296
-4.64,0.00956531867209168,-0.999813475150452
-4.63,0.0096605230274079,-0.999809707457059
-4.62,0.00975666562455136,-0.999805863665841
-4.61,0.00985375552323126,-0.999801942240116
-4.6,0.00995180186690432,-0.999797941612184
-4.59,0.0100508138834738,-0.999793860182703
-4.58,0.0101508008859927,-0.999789696320044
-4.57,0.010251772273372,-0.999785448359649
-4.56,0.0103537375310918,-0.999781114603359
-4.55,0.0104567062319181,-0.999776693318741
-4.54,0.0105606880366231,-0.999772182738395
-4.53,0.01066569269471,-0.99976758105925
-4.52,0.0107717300451416,-0.999762886441844
-4.51,0.0108788100170739,-0.99975809700959
-4.5,0.0109869426305932,-0.999753210848027
-4.49,0.0110961379974576,-0.99974822600406
-4.48,0.0112064063218429,-0.999743140485174
-4.47,0.0113177579010923,-0.999737952258646
-4.46,0.0114302031264707,-0.999732659250733
-4.45,0.0115437524839223,-0.999727259345841
-4.44,0.0116584165548331,-0.999721750385687
-4.43,0.0117742060167972,-0.999716130168434
-4.42,0.011891131644387,-0.999710396447816
-4.41,0.0120092043099274,-0.999704546932242
-4.4,0.0121284349842742,-0.999698579283881
-4.39,0.0122488347375965,-0.99969249111773
-4.38,0.0123704147401624,-0.999686280000666
-4.37,0.0124931862631296,-0.999679943450476
-4.36,0.0126171606793387,-0.999673478934864
-4.35,0.0127423494641116,-0.999666883870445
-4.34,0.0128687641960525,-0.999660155621717
-4.33,0.0129964165578534,-0.999653291500006
-4.32,0.0131253183371028,-0.9996462887624
-4.31,0.0132554814270988,-0.999639144610653
-4.3,0.0133869178276648,-0.999631856190073
-4.29,0.0135196396459696,-0.999624420588382
-4.28,0.0136536590973509,-0.999616834834557
-4.27,0.0137889885061416,-0.999609095897651
-4.26,0.0139256403065004,-0.999601200685578
-4.25,0.0140636270432455,-0.99959314604389
-4.24,0.0142029613726911,-0.999584928754515
-4.23,0.0143436560634881,-0.999576545534482
-4.22,0.0144857239974669,-0.999567993034607
-4.21,0.0146291781704843,-0.999559267838166
-4.2,0.0147740316932731,-0.999550366459533
-4.19,0.0149202977922942,-0.999541285342794
-4.18,0.0150679898105928,-0.999532020860328
-4.17,0.0152171212086563,-0.99952256931137
-4.16,0.0153677055652755,-0.999512926920537
-4.15,0.0155197565784089,-0.999503089836321
-4.14,0.0156732880660486,-0.999493054129567
-4.13,0.0158283139670898,-0.999482815791901
-4.12,0.0159848483422026,-0.999472370734143
-4.11,0.0161429053747052,-0.999461714784678
-4.1,0.0163024993714409,-0.999450843687797
-4.09,0.0164636447636563,-0.99943975310201
-4.08,0.0166263561078816,-0.999428438598316
-4.07,0.0167906480868138,-0.999416895658445
-4.06,0.0169565355102008,-0.999405119673064
-4.05,0.0171240333157277,-0.999393105939942
-4.04,0.0172931565699054,-0.999380849662089
-4.03,0.0174639204689597,-0.999368345945844
-4.02,0.0176363403397227,-0.999355589798937
-4.01,0.0178104316405254,-0.999342576128504
-4,0.0179862099620916,-0.999329299739067
-3.99,0.0181636910284325,-0.99931575533047
-3.98,0.0183428906977433,-0.99930193749578
-3.97,0.0185238249632994,-0.999287840719135
-3.96,0.0187065099543546,-0.999273459373564
-3.95,0.018890961937039,-0.999258787718747
-3.94,0.0190771973152582,-0.999243819898746
-3.93,0.0192652326315917,-0.999228549939677
-3.92,0.019455084568193,-0.999212971747347
-3.91,0.0196467699476887,-0.999197079104834
-3.9,0.0198403057340775,-0.999180865670028
-3.89,0.0200357090336297,-0.999164324973113
-3.88,0.0202329970957854,-0.99914745041401
-3.87,0.020432187314053,-0.999130235259758
-3.86,0.0206332972269062,-0.999112672641851
-3.85,0.0208363445186804,-0.999094755553519
-3.84,0.0210413470204683,-0.999076476846952
-3.83,0.0212483227110135,-0.999057829230474
-3.82,0.0214572897176035,-0.999038805265659
-3.81,0.0216682663169605,-0.999019397364387
-3.8,0.0218812709361305,-0.998999597785841
-3.79,0.0220963221533702,-0.998979398633453
-3.78,0.0223134386990322,-0.998958791851778
-3.77,0.0225326394564473,-0.998937769223312
-3.76,0.022753943462804,-0.998916322365245
-3.75,0.0229773699100256,-0.998894442726153
-3.74,0.0232029381456441,-0.998872121582616
-3.73,0.0234306676736703,-0.998849350035779
-3.72,0.0236605781554612,-0.998826119007838
-3.71,0.0238926894105828,-0.998802419238461
-3.7,0.0241270214176692,-0.998778241281131
-3.69,0.0243635943152778,-0.998753575499424
-3.68,0.0246024284027394,-0.99872841206321
-3.67,0.0248435441410037,-0.998702740944777
-3.66,0.0250869621534798,-0.998676551914886
-3.65,0.0253327032268717,-0.998649834538734
-3.64,0.0255807883120077,-0.998622578171854
-3.63,0.0258312385246641,-0.998594771955917
-3.62,0.0260840751463829,-0.998566404814467
-3.61,0.0263393196252834,-0.998537465448561
-3.6,0.0265969935768659,-0.998507942332327
-3.59,0.0268571187848097,-0.99847782370843
-3.58,0.027119717201763,-0.998447097583458
-3.57,0.0273848109501257,-0.99841575172321
-3.56,0.0276524223228231,-0.998383773647888
-3.55,0.027922573784073,-0.998351150627203
-3.54,0.0281952879701426,-0.998317869675382
-3.53,0.0284705876900972,-0.99828391754607
-3.52,0.02874849592654,-0.998249280727141
-3.51,0.0290290358363408,-0.998213945435404
-3.5,0.0293122307513563,-0.998177897611199
-3.49,0.0295981041791392,-0.998141122912899
-3.48,0.0298866798036362,-0.998103606711293
-3.47,0.0301779814858759,-0.998065334083864
-3.46,0.0304720332646442,-0.998026289808958
-3.45,0.030768859357148,-0.997986458359829
-3.44,0.0310684841596674,-0.997945823898577
-3.43,0.0313709322481939,-0.997904370269966
-3.42,0.0316762283790564,-0.997862080995116
-3.41,0.0319843974895333,-0.997818939265078
-3.4,0.0322954646984505,-0.997774927934279
-3.39,0.0326094553067656,-0.997730029513844
-3.38,0.0329263947981363,-0.997684226164781
-3.37,0.0332463088394741,-0.997637499691042
-3.36,0.0335692232814825,-0.997589831532442
-3.35,0.0338951641591782,-0.997541202757445
-3.34,0.0342241576923959,-0.997491594055806
-3.33,0.0345562302862765,-0.997440985731074
-3.32,0.0348914085317368,-0.997389357692946
-3.31,0.0352297192059215,-0.997336689449479
-3.3,0.0355711892726362,-0.997282960099142
-3.29,0.0359158458827617,-0.997228148322724
-3.28,0.0362637163746483,-0.997172232375079
-3.27,0.0366148282744899,-0.997115190076715
-3.26,0.036969209296677,-0.997056998805221
-3.25,0.0373268873441295,-0.996997635486526
-3.24,0.0376878905086059,-0.996937076585993
-3.23,0.0380522470709921,-0.996875298099342
-3.22,0.0384199855015654,-0.996812275543394
-3.21,0.038791134460236,-0.996747983946644
-3.2,0.0391657227967644,-0.996682397839651
-3.19,0.039543779550953,-0.996615491245241
-3.18,0.0399253339528138,-0.996547237668526
-3.17,0.0403104154227092,-0.996477610086734
-3.16,0.0406990535714665,-0.996406580938843
-3.15,0.041091278200465,-0.996334122115014
-3.14,0.0414871193016959,-0.996260204945832
-3.13,0.0418866070577927,-0.996184800191332
-3.12,0.0422897718420338,-0.996107878029829
-3.11,0.0426966442183139,-0.996029408046523
-3.1,0.0431072549410861,-0.9959493592219
-3.09,0.0435216349552722,-0.995867699919909
-3.08,0.0439398153961413,-0.995784397875914
-3.07,0.0443618275891564,-0.995699420184422
-3.06,0.0447877030497867,-0.995612733286583
-3.05,0.0452174734832875,-0.995524302957447
-3.04,0.0456511707844437,-0.995434094292994
-3.03,0.0460888270372796,-0.995342071696906
-3.02,0.0465304745147315,-0.99524819886711
-3.01,0.0469761456782835,-0.995152438782052
-3,0.0474258731775668,-0.99505475368673
-2.99,0.0478796898499189,-0.994955105078461
-2.98,0.0483376287199052,-0.994853453692379
-2.97,0.0487997229988,-0.99474975948668
-2.96,0.0492660060840267,-0.994643981627574
-2.95,0.0497365115585567,-0.994536078473978
-2.94,0.0502112731902665,-0.994426007561915
-2.93,0.0506903249312507,-0.994313725588634
-2.92,0.0511737009170917,-0.994199188396432
-2.91,0.0516614354660848,-0.994082350956186
-2.9,0.0521535630784177,-0.993963167350583
-2.89,0.0526501184353029,-0.993841590757045
-2.88,0.0531511363980637,-0.993717573430341
-2.87,0.0536566520071719,-0.993591066684886
-2.86,0.0541667004812361,-0.993462020876723
-2.85,0.0546813172159408,-0.993330385385173
-2.84,0.0552005377829343,-0.993196108594166
-2.83,0.0557243979286654,-0.993059137873221
-2.82,0.0562529335731674,-0.992919419558107
-2.81,0.0567861808087885,-0.992776898931137
-2.8,0.0573241758988688,-0.992631520201128
-2.79,0.057866955276361,-0.992483226482998
-2.78,0.0584145555423963,-0.992331959777005
-2.77,0.0589670134647918,-0.992177660947616
-2.76,0.0595243659765015,-0.992020269702012
-2.75,0.0600866501740076,-0.991859724568208
-2.74,0.0606539033156522,-0.991695962872799
-2.73,0.061226162819908,-0.991528920718313
-2.72,0.0618034662635886,-0.991358532960176
-2.71,0.0623858513799944,-0.991184733183274
-2.7,0.0629733560569965,-0.991007453678118
-2.69,0.0635660183350553,-0.990826625416592
-2.68,0.0641638764051739,-0.990642178027299
-2.67,0.0647669686067855,-0.990454039770474
-2.66,0.0653753334255726,-0.990262137512483
-2.65,0.0659890094912188,-0.990066396699886
-2.64,0.0666080355750907,-0.989866741333068
-2.63,0.06723245058785,-0.989663093939423
-2.62,0.0678622935769945,-0.989455375546103
-2.61,0.0684976037243261,-0.989243505652303
-2.6,0.0691384203433468,-0.989027402201099
-2.59,0.0697847828765801,-0.98880698155082
-2.58,0.0704367308928171,-0.988582158445953
-2.57,0.0710943040842872,-0.988352845987577
-2.56,0.0717575422637513,-0.988118955603319
-2.55,0.0724264853615177,-0.987880397016832
-2.54,0.0731011734223782,-0.987637078216778
-2.53,0.0737816466024653,-0.987388905425328
-2.52,0.0744679451660281,-0.987135783066163
-2.51,0.0751601094821266,-0.986877613731968
-2.5,0.0758581800212435,-0.98661429815143
-2.49,0.0765621973518122,-0.986345735155724
-2.48,0.0772722021366599,-0.986071821644476
-2.47,0.0779882351293664,-0.985792452551222
-2.46,0.0787103371705352,-0.985507520808337
-2.45,0.0794385491839784,-0.985216917311436
-2.44,0.0801729121728123,-0.984920530883253
-2.43,0.0809134672154653,-0.984618248236983
-2.42,0.0816602554615947,-0.984309953939089
-2.41,0.0824133181279128,-0.983995530371568
-2.4,0.0831726964939224,-0.98367485769368
-2.39,0.0839384318975581,-0.983347813803132
-2.38,0.0847105657307358,-0.983014274296711
-2.37,0.0854891394348065,-0.982674112430374
-2.36,0.0862741944959167,-0.982327199078785
-2.35,0.0870657724402712,-0.981973402694304
-2.34,0.0878639148293013,-0.981612589265424
-2.33,0.0886686632547333,-0.981244622274646
-2.32,0.0894800593335614,-0.980869362655817
-2.31,0.0902981447029198,-0.980486668750897
-2.3,0.0911229610148562,-0.980096396266191
-2.29,0.0919545499310043,-0.979698398228015
-2.28,0.092792953117157,-0.979292524937816
-2.27,0.0936382122377357,-0.978878623926754
-2.26,0.0944903689501593,-0.978456539909717
-2.25,0.0953494648991095,-0.978026114738814
-2.24,0.0962155417106929,-0.977587187356314
-2.23,0.0970886409864989,-0.977139593747059
-2.22,0.097968804297554,-0.976683166890334
-2.21,0.0988560731781694,-0.976217736711226
-2.2,0.0997504891196852,-0.975743130031452
-2.19,0.100652093564107,-0.975259170519675
-2.18,0.101560927897637,-0.974765678641323
-2.17,0.102477033444097,-0.974262471607895
-2.16,0.10340045145825,-0.973749363325794
-2.15,0.104331223119001,-0.97322616434467
-2.14,0.10526938952251,-0.972692681805298
-2.13,0.106214991675176,-0.972148719386999
-2.12,0.107168070486528,-0.971594077254618
-2.11,0.108128666762004,-0.971028552005066
-2.1,0.109096821195613,-0.970451936613454
-2.09,0.110072574362503,-0.969864020378814
-2.08,0.111055966711408,-0.969264588869449
-2.07,0.11204703855699,-0.968653423867903
-2.06,0.113045830072079,-0.968030303315595
-2.05,0.114052381279791,-0.967395001257118
-2.04,0.11506673204555,-0.966747287784237
-2.03,0.116088922068995,-0.966086928979598
-2.02,0.117118990875781,-0.965413686860189
-2.01,0.11815697780927,-0.964727319320555
-2,0.119202922022118,-0.964027580075817
-1.99,0.120256862467751,-0.963314218604513
-1.98,0.121318837891737,-0.962586980091291
-1.97,0.122388886823049,-0.961845605369484
-1.96,0.123467047565224,-0.961089830863614
-1.95,0.124553358187416,-0.960319388531845
-1.94,0.125647856515346,-0.959534005808429
-1.93,0.126750580122141,-0.958733405546188
-1.92,0.127861566319081,-0.957917305959063
-1.91,0.128980852146236,-0.957085420564793
-1.9,0.130108474362998,-0.956237458127739
-1.89,0.131244469438523,-0.955373122601936
-1.88,0.132388873542065,-0.954492113074392
-1.87,0.133541722533212,-0.953594123708712
-1.86,0.134703051952028,-0.952678843689078
-1.85,0.135872897009094,-0.951745957164662
-1.84,0.13705129257546,-0.950795143194521
-1.83,0.138238273172494,-0.94982607569304
-1.82,0.13943387296165,-0.948838423375985
-1.81,0.140638125734134,-0.947831849707234
-1.8,0.141851064900488,-0.946806012846268
-1.79,0.143072723480081,-0.945760565596474
-1.78,0.144303134090519,-0.944695155354354
-1.77,0.145542328936965,-0.943609424059715
-1.76,0.146790339801382,-0.94250300814692
-1.75,0.148047198031689,-0.941375538497287
-1.74,0.149312934530844,-0.940226640392728
-1.73,0.150587579745844,-0.939055933470712
-1.72,0.151871163656659,-0.937863031680665
-1.71,0.153163715765086,-0.936647543241887
-1.7,0.154465265083535,-0.935409070603099
-1.69,0.155775840123747,-0.934147210403728
-1.68,0.157095468885453,-0.932861553437035
-1.67,0.158424178844956,-0.931551684615208
-1.66,0.159761996943669,-0.930217182936526
-1.65,0.161108949576585,-0.928857621454728
-1.64,0.162465062580696,-0.927472567250703
-1.63,0.163830361223359,-0.926061581406646
-1.62,0.165204870190615,-0.924624218982788
-1.61,0.16658861357546,-0.923160028996869
-1.6,0.167981614866076,-0.921668554406471
-1.59,0.169383896934019,-0.920149332094372
-1.58,0.170795482022374,-0.918601892857067
-1.57,0.172216391733878,-0.917025761396608
-1.56,0.173646647019005,-0.915420456315932
-1.55,0.17508626816404,-0.913785490117828
-1.54,0.176535274779117,-0.912120369207717
-1.53,0.177993685786247,-0.910424593900427
-1.52,0.179461519407327,-0.908697658431112
-1.51,0.180938793152142,-0.906939050970537
-1.5,0.182425523806356,-0.905148253644866
-1.49,0.183921727419504,-0.90332474256019
-1.48,0.185427419292982,-0.901467987831947
-1.47,0.186942613968046,-0.899577453619467
-1.46,0.188467325213819,-0.897652598165817
-1.45,0.190001566015313,-0.895692873843164
-1.44,0.191545348561468,-0.893697727203873
-1.43,0.193098684233216,-0.891666599037528
-1.42,0.194661583591578,-0.889598924434131
-1.41,0.196234056365779,-0.887494132853665
-1.4,0.197816111441418,-0.885351648202263
-1.39,0.199407756848668,-0.883170888915207
-1.38,0.201008999750529,-0.880951268046997
-1.37,0.20261984643113,-0.878692193368696
-1.36,0.204240302284092,-0.876393067472823
-1.35,0.205870371800947,-0.874053287886007
-1.34,0.207510058559636,-0.871672247189652
-1.33,0.209159365213063,-0.869249333148855
-1.32,0.210818293477747,-0.866783928849819
-1.31,0.212486844122539,-0.864275412846011
-1.3,0.214165016957441,-0.861723159313306
-1.29,0.215852810822515,-0.859126538214366
-1.28,0.217550223576888,-0.856484915472497
-1.27,0.219257252087872,-0.853797653155244
-1.26,0.220973892220188,-0.851064109667944
-1.25,0.222700138825309,-0.848283639957513
-1.24,0.224435985730927,-0.84545559572668
-1.23,0.226181425730546,-0.84257932565893
-1.22,0.227936450573216,-0.839654175654375
-1.21,0.229701050953398,-0.836679489076811
-1.2,0.231475216500982,-0.833654607012155
-1.19,0.233258935771457,-0.830578868538528
-1.18,0.235052196236235,-0.827451611008167
-1.17,0.236854984273145,-0.824272170341398
-1.16,0.23866728515709,-0.821039881332877
-1.15,0.240489083050889,-0.817754077970288
-1.14,0.242320360996295,-0.814414093765686
-1.13,0.244161100905203,-0.811019262099681
-1.12,0.246011283551052,-0.807568916578614
-1.11,0.24787088856043,-0.804062391404892
-1.1,0.249739894404882,-0.80049902176063
-1.09,0.251618278392936,-0.796878144204727
-1.08,0.253506016662338,-0.793199097083501
-1.07,0.255403084172524,-0.78946122095498
-1.06,0.257309454697314,-0.785663859026944
-1.05,0.259225100817846,-0.781806357608774
-1.04,0.261149993915751,-0.777888066577185
-1.03,0.26308410416658,-0.773908339855842
-1.02,0.265027400533481,-0.7698665359089
-1.01,0.266979850761143,-0.765762018248439
-1,0.268941421369995,-0.761594155955765
-0.99,0.270912077650693,-0.757362324216526
-0.98,0.272891783658871,-0.753065904869552
-0.97,0.274880502210177,-0.748704286969309
-0.96,0.27687819487561,-0.744276867361837
-0.95,0.278884821977137,-0.739783051274004
-0.94,0.280900342583616,-0.735222252915869
-0.93,0.282924714507027,-0.730593896095944
-0.92,0.28495789429901,-0.725897414849081
-0.91,0.286999837247718,-0.7211322540767
-0.9,0.289050497374996,-0.716297870199025
-0.89,0.29110982743388,-0.711393731818962
-0.88,0.293177778906432,-0.706419320397235
-0.87,0.295254302001909,-0.701374130938313
-0.86,0.297339345655268,-0.696257672686682
-0.85,0.299432857526027,-0.69106946983293
-0.84,0.301534783997461,-0.685809062229094
-0.83,0.303645070176166,-0.680476006112662
-0.82,0.305763659891969,-0.675069874838608
-0.81,0.307890495698212,-0.669590259618771
-0.8,0.310025518872388,-0.664036770267849
-0.79,0.31216866941716,-0.658409035955251
-0.78,0.314319886061746,-0.65270670596199
-0.77,0.316479106263684,-0.646929450441766
-0.76,0.318646266210975,-0.641076961185346
-0.75,0.320821300824607,-0.635148952387287
-0.74,0.323004143761477,-0.629145161414036
-0.73,0.325194727417687,-0.623065349572361
-0.72,0.32739298293224,-0.616909302877065
-0.71,0.329598840191131,-0.610676832816844
-0.7,0.331812227831834,-0.604367777117164
-0.69,0.33403307324818,-0.597982000498941
-0.68,0.336261302595647,-0.591519395431816
-0.67,0.338496840797048,-0.584979882880729
-0.66,0.340739611548615,-0.578363413044506
-0.649999999999999,0.342989537326501,-0.571669966085117
-0.64,0.345246539393681,-0.564899552846225
-0.63,0.347510537807256,-0.558052215559624
-0.62,0.349781451426173,-0.551128028538147
-0.61,0.35205919791935,-0.544127098853568
-0.6,0.354343693774205,-0.537049566998035
-0.59,0.356634854305598,-0.529895607527529
-0.58,0.358932593665183,-0.522665429685821
-0.57,0.361236824851158,-0.51535927800741
-0.56,0.363547459718434,-0.507977432897896
-0.55,0.365864408989199,-0.500520211190235
-0.54,0.368187582263898,-0.492987966675324
-0.53,0.370516888032605,-0.485381090605372
-0.52,0.372852233686805,-0.477700012168498
-0.51,0.375193525531571,-0.469945198933037
-0.5,0.377540668798145,-0.46211715726001
-0.49,0.37989356765691,-0.454216432682259
-0.48,0.382252125230751,-0.446243610248779
-0.47,0.384616243608818,-0.438199314832768
-0.46,0.386985823860665,-0.430084211401979
-0.45,0.389360766050778,-0.421899005250008
-0.44,0.391740969253486,-0.413644442187135
-0.43,0.394126331568239,-0.405321308689463
-0.42,0.396516750135274,-0.396930432005077
-0.41,0.39891212115163,-0.388472680216061
-0.399999999999999,0.401312339887548,-0.379948962255224
-0.39,0.403717300703212,-0.371360227876507
-0.38,0.406126897065857,-0.362707467578051
-0.37,0.40854102156722,-0.353991712477046
-0.36,0.410959565941335,-0.345214034135521
-0.35,0.41338242108267,-0.336375544336332
-0.34,0.415809477064593,-0.327477394808705
-0.33,0.418240623158164,-0.318520776902771
-0.32,0.420675747851251,-0.309506921212639
-0.31,0.423114738867954,-0.300437097147654
-0.3,0.425557483188341,-0.291312612451591
-0.29,0.428003867068481,-0.282134812669634
-0.28,0.430453776060771,-0.272905080563133
-0.27,0.432907095034546,-0.263624835472203
-0.26,0.435363708196971,-0.254295532626391
-0.25,0.437823499114202,-0.244918662403709
-0.24,0.440286350732807,-0.235495749538498
-0.23,0.442752145401445,-0.22602835227867
-0.22,0.445220764892785,-0.216518061493029
-0.21,0.447692090425675,-0.206966499729453
-0.2,0.450166002687522,-0.197375320224904
-0.19,0.452642381856911,-0.187746205868285
-0.18,0.45512110762642,-0.17808086811733
-0.17,0.457602059225649,-0.168381045870815
-0.16,0.460085115444434,-0.158648504297499
-0.149999999999999,0.462570154656251,-0.148885033623317
-0.14,0.465057054841786,-0.139092447878458
-0.13,0.467545693612681,-0.129272583606058
-0.12,0.470035948235428,-0.119427298534386
-0.11,0.472527695655406,-0.10955847021443
-0.0999999999999996,0.47502081252106,-0.0996679946249555
-0.0899999999999999,0.4775151752082,-0.08975778474716
-0.0800000000000001,0.480010659844418,-0.0798297691111314
-0.0700000000000003,0.48250714233361,-0.0698858903164293
-0.0599999999999996,0.48500449838059,-0.0599281035291431
-0.0499999999999998,0.48750260351579,-0.0499583749578798
-0.04,0.490001333120035,-0.0399786803111636
-0.0300000000000002,0.49250056244938,-0.0299910032388204
-0.0199999999999996,0.49500016666,-0.0199973337599305
-0.00999999999999979,0.497500020833125,-0.00999966667999925
0,0.5,0
0.00999999999999979,0.502499979166875,0.00999966667999925
0.0199999999999996,0.50499983334,0.0199973337599305
0.0300000000000002,0.50749943755062,0.0299910032388204
0.04,0.509998666879966,0.0399786803111636
0.0499999999999998,0.51249739648421,0.0499583749578798
0.0599999999999996,0.51499550161941,0.0599281035291431
0.0700000000000003,0.51749285766639,0.0698858903164293
0.0800000000000001,0.519989340155582,0.0798297691111314
0.0899999999999999,0.5224848247918,0.08975778474716
0.0999999999999996,0.52497918747894,0.0996679946249555
0.11,0.527472304344594,0.10955847021443
0.12,0.529964051764572,0.119427298534386
0.13,0.532454306387319,0.129272583606058
0.14,0.534942945158214,0.139092447878458
0.149999999999999,0.537429845343749,0.148885033623317
0.16,0.539914884555566,0.158648504297499
0.17,0.542397940774351,0.168381045870815
0.18,0.54487889237358,0.17808086811733
0.19,0.547357618143089,0.187746205868285
0.2,0.549833997312478,0.197375320224904
0.21,0.552307909574325,0.206966499729453
0.22,0.554779235107215,0.216518061493029
0.23,0.557247854598556,0.22602835227867
0.24,0.559713649267193,0.235495749538498
0.25,0.562176500885798,0.244918662403709
0.26,0.564636291803029,0.254295532626391
0.27,0.567092904965454,0.263624835472203
0.28,0.569546223939229,0.272905080563133
0.29,0.571996132931519,0.282134812669634
0.3,0.574442516811659,0.291312612451591
0.31,0.576885261132046,0.300437097147654
0.32,0.579324252148749,0.309506921212639
0.33,0.581759376841836,0.318520776902771
0.34,0.584190522935407,0.327477394808705
0.35,0.58661757891733,0.336375544336332
0.36,0.589040434058665,0.345214034135521
0.37,0.59145897843278,0.353991712477046
0.38,0.593873102934143,0.362707467578051
0.39,0.596282699296788,0.371360227876507
0.399999999999999,0.598687660112452,0.379948962255224
0.41,0.60108787884837,0.388472680216061
0.42,0.603483249864726,0.396930432005077
0.43,0.60587366843176,0.405321308689463
0.44,0.608259030746514,0.413644442187135
0.45,0.610639233949222,0.421899005250008
0.46,0.613014176139336,0.430084211401979
0.47,0.615383756391182,0.438199314832768
0.48,0.617747874769249,0.446243610248779
0.49,0.62010643234309,0.454216432682259
0.5,0.622459331201855,0.46211715726001
0.51,0.624806474468429,0.469945198933037
0.52,0.627147766313195,0.477700012168498
0.53,0.629483111967395,0.485381090605372
0.54,0.631812417736102,0.492987966675324
0.55,0.634135591010801,0.500520211190235
0.56,0.636452540281566,0.507977432897896
0.57,0.638763175148842,0.51535927800741
0.58,0.641067406334817,0.522665429685821
0.59,0.643365145694402,0.529895607527529
0.6,0.645656306225795,0.537049566998035
0.61,0.64794080208065,0.544127098853568
0.62,0.650218548573827,0.551128028538147
0.63,0.652489462192744,0.558052215559624
0.64,0.654753460606319,0.564899552846225
0.649999999999999,0.657010462673499,0.571669966085117
0.66,0.659260388451385,0.578363413044506
0.67,0.661503159202952,0.584979882880729
0.68,0.663738697404353,0.591519395431816
0.69,0.66596692675182,0.597982000498941
0.7,0.668187772168166,0.604367777117164
0.71,0.670401159808869,0.610676832816844
0.72,0.67260701706776,0.616909302877065
0.73,0.674805272582313,0.623065349572361
0.74,0.676995856238523,0.629145161414036
0.75,0.679178699175393,0.635148952387287
0.76,0.681353733789026,0.641076961185346
0.77,0.683520893736316,0.646929450441766
0.78,0.685680113938254,0.65270670596199
0.79,0.68783133058284,0.658409035955251
0.8,0.689974481127613,0.664036770267849
0.81,0.692109504301788,0.669590259618771
0.82,0.694236340108031,0.675069874838608
0.83,0.696354929823834,0.680476006112662
0.84,0.698465216002539,0.685809062229094
0.85,0.700567142473973,0.69106946983293
0.86,0.702660654344732,0.696257672686682
0.87,0.704745697998091,0.701374130938313
0.88,0.706822221093568,0.706419320397235
0.89,0.70889017256612,0.711393731818962
0.9,0.710949502625004,0.716297870199025
0.91,0.713000162752282,0.7211322540767
0.92,0.71504210570099,0.725897414849081
0.93,0.717075285492973,0.730593896095944
0.94,0.719099657416384,0.735222252915869
0.95,0.721115178022863,0.739783051274004
0.96,0.72312180512439,0.744276867361837
0.97,0.725119497789823,0.748704286969309
0.98,0.727108216341129,0.753065904869552
0.99,0.729087922349307,0.757362324216526
1,0.731058578630005,0.761594155955765
1.01,0.733020149238857,0.765762018248439
1.02,0.734972599466519,0.7698665359089
1.03,0.73691589583342,0.773908339855842
1.04,0.738850006084249,0.777888066577185
1.05,0.740774899182154,0.781806357608774
1.06,0.742690545302686,0.785663859026944
1.07,0.744596915827476,0.78946122095498
1.08,0.746493983337662,0.793199097083501
1.09,0.748381721607064,0.796878144204727
1.1,0.750260105595118,0.80049902176063
1.11,0.75212911143957,0.804062391404892
1.12,0.753988716448948,0.807568916578614
1.13,0.755838899094797,0.811019262099681
1.14,0.757679639003705,0.814414093765686
1.15,0.759510916949111,0.817754077970288
1.16,0.76133271484291,0.821039881332877
1.17,0.763145015726855,0.824272170341398
1.18,0.764947803763765,0.827451611008167
1.19,0.766741064228543,0.830578868538528
1.2,0.768524783499018,0.833654607012155
1.21,0.770298949046602,0.836679489076811
1.22,0.772063549426784,0.839654175654375
1.23,0.773818574269454,0.84257932565893
1.24,0.775564014269073,0.84545559572668
1.25,0.777299861174691,0.848283639957513
1.26,0.779026107779812,0.851064109667944
1.27,0.780742747912128,0.853797653155244
1.28,0.782449776423112,0.856484915472497
1.29,0.784147189177485,0.859126538214366
1.3,0.785834983042559,0.861723159313306
1.31,0.787513155877461,0.864275412846011
1.32,0.789181706522253,0.866783928849819
1.33,0.790840634786937,0.869249333148855
1.34,0.792489941440364,0.871672247189652
1.35,0.794129628199053,0.874053287886007
1.36,0.795759697715908,0.876393067472823
1.37,0.79738015356887,0.878692193368696
1.38,0.798991000249471,0.880951268046997
1.39,0.800592243151331,0.883170888915207
1.4,0.802183888558582,0.885351648202263
1.41,0.803765943634221,0.887494132853665
1.42,0.805338416408422,0.889598924434131
1.43,0.806901315766784,0.891666599037528
1.44,0.808454651438533,0.893697727203873
1.45,0.809998433984687,0.895692873843164
1.46,0.811532674786181,0.897652598165817
1.47,0.813057386031954,0.899577453619467
1.48,0.814572580707018,0.901467987831947
1.49,0.816078272580496,0.90332474256019
1.5,0.817574476193644,0.905148253644866
1.51,0.819061206847858,0.906939050970537
1.52,0.820538480592673,0.908697658431112
1.53,0.822006314213753,0.910424593900427
1.54,0.823464725220883,0.912120369207717
1.55,0.82491373183596,0.913785490117828
1.56,0.826353352980995,0.915420456315932
1.57,0.827783608266122,0.917025761396608
1.58,0.829204517977626,0.918601892857067
1.59,0.830616103065981,0.920149332094372
1.6,0.832018385133924,0.921668554406471
1.61,0.83341138642454,0.923160028996869
1.62,0.834795129809385,0.924624218982788
1.63,0.836169638776641,0.926061581406646
1.64,0.837534937419304,0.927472567250703
1.65,0.838891050423415,0.928857621454728
1.66,0.840238003056331,0.930217182936526
1.67,0.841575821155044,0.931551684615208
1.68,0.842904531114547,0.932861553437035
1.69,0.844224159876253,0.934147210403728
1.7,0.845534734916465,0.935409070603099
1.71,0.846836284234914,0.936647543241887
1.72,0.848128836343341,0.937863031680665
1.73,0.849412420254156,0.939055933470712
1.74,0.850687065469156,0.940226640392728
1.75,0.851952801968311,0.941375538497287
1.76,0.853209660198618,0.94250300814692
1.77,0.854457671063035,0.943609424059715
1.78,0.855696865909481,0.944695155354354
1.79,0.856927276519919,0.945760565596474
1.8,0.858148935099512,0.946806012846268
1.81,0.859361874265866,0.947831849707234
1.82,0.86056612703835,0.948838423375985
1.83,0.861761726827506,0.94982607569304
1.84,0.86294870742454,0.950795143194521
1.85,0.864127102990906,0.951745957164662
1.86,0.865296948047972,0.952678843689078
1.87,0.866458277466788,0.953594123708712
1.88,0.867611126457935,0.954492113074392
1.89,0.868755530561477,0.955373122601936
1.9,0.869891525637002,0.956237458127739
1.91,0.871019147853764,0.957085420564793
1.92,0.872138433680919,0.957917305959063
1.93,0.873249419877859,0.958733405546188
1.94,0.874352143484654,0.959534005808429
1.95,0.875446641812584,0.960319388531845
1.96,0.876532952434776,0.961089830863614
1.97,0.877611113176951,0.961845605369484
1.98,0.878681162108263,0.962586980091291
1.99,0.879743137532249,0.963314218604513
2,0.880797077977882,0.964027580075817
2.01,0.88184302219073,0.964727319320555
2.02,0.88288100912422,0.965413686860189
2.03,0.883911077931005,0.966086928979598
2.04,0.88493326795445,0.966747287784237
2.05,0.885947618720209,0.967395001257118
2.06,0.886954169927921,0.968030303315595
2.07,0.88795296144301,0.968653423867903
2.08,0.888944033288592,0.969264588869449
2.09,0.889927425637497,0.969864020378814
2.1,0.890903178804387,0.970451936613454
2.11,0.891871333237996,0.971028552005066
2.12,0.892831929513472,0.971594077254618
2.13,0.893785008324824,0.972148719386999
2.14,0.89473061047749,0.972692681805298
2.15,0.895668776880999,0.97322616434467
2.16,0.89659954854175,0.973749363325794
2.17,0.897522966555903,0.974262471607895
2.18,0.898439072102363,0.974765678641323
2.19,0.899347906435893,0.975259170519675
2.2,0.900249510880315,0.975743130031452
2.21,0.901143926821831,0.976217736711226
2.22,0.902031195702446,0.976683166890334
2.23,0.902911359013501,0.977139593747059
2.24,0.903784458289307,0.977587187356314
2.25,0.904650535100891,0.978026114738814
2.26,0.905509631049841,0.978456539909717
2.27,0.906361787762264,0.978878623926754
2.28,0.907207046882843,0.979292524937816
2.29,0.908045450068996,0.979698398228015
2.3,0.908877038985144,0.980096396266191
2.31,0.90970185529708,0.980486668750897
2.32,0.910519940666439,0.980869362655817
2.33,0.911331336745267,0.981244622274646
2.34,0.912136085170699,0.981612589265424
2.35,0.912934227559729,0.981973402694304
2.36,0.913725805504083,0.982327199078785
2.37,0.914510860565194,0.982674112430374
2.38,0.915289434269264,0.983014274296711
2.39,0.916061568102442,0.983347813803132
2.4,0.916827303506078,0.98367485769368
2.41,0.917586681872087,0.983995530371568
2.42,0.918339744538405,0.984309953939089
2.43,0.919086532784535,0.984618248236983
2.44,0.919827087827188,0.984920530883253
2.45,0.920561450816022,0.985216917311436
2.46,0.921289662829465,0.985507520808337
2.47,0.922011764870634,0.985792452551222
2.48,0.92272779786334,0.986071821644476
2.49,0.923437802648188,0.986345735155724
2.5,0.924141819978757,0.98661429815143
2.51,0.924839890517873,0.986877613731968
2.52,0.925532054833972,0.987135783066163
2.53,0.926218353397535,0.987388905425328
2.54,0.926898826577622,0.987637078216778
2.55,0.927573514638482,0.987880397016832
2.56,0.928242457736249,0.988118955603319
2.57,0.928905695915713,0.988352845987577
2.58,0.929563269107183,0.988582158445953
2.59,0.93021521712342,0.98880698155082
2.6,0.930861579656653,0.989027402201099
2.61,0.931502396275674,0.989243505652303
2.62,0.932137706423006,0.989455375546103
2.63,0.93276754941215,0.989663093939423
2.64,0.933391964424909,0.989866741333068
2.65,0.934010990508781,0.990066396699886
2.66,0.934624666574427,0.990262137512483
2.67,0.935233031393214,0.990454039770474
2.68,0.935836123594826,0.990642178027299
2.69,0.936433981664945,0.990826625416592
2.7,0.937026643943004,0.991007453678118
2.71,0.937614148620005,0.991184733183274
2.72,0.938196533736411,0.991358532960176
2.73,0.938773837180092,0.991528920718313
2.74,0.939346096684348,0.991695962872799
2.75,0.939913349825992,0.991859724568208
2.76,0.940475634023498,0.992020269702012
2.77,0.941032986535208,0.992177660947616
2.78,0.941585444457604,0.992331959777005
2.79,0.942133044723639,0.992483226482998
2.8,0.942675824101131,0.992631520201128
2.81,0.943213819191211,0.992776898931137
2.82,0.943747066426833,0.992919419558107
2.83,0.944275602071335,0.993059137873221
2.84,0.944799462217066,0.993196108594166
2.85,0.945318682784059,0.993330385385173
2.86,0.945833299518764,0.993462020876723
2.87,0.946343347992828,0.993591066684886
2.88,0.946848863601936,0.993717573430341
2.89,0.947349881564697,0.993841590757045
2.9,0.947846436921582,0.993963167350583
2.91,0.948338564533915,0.994082350956186
2.92,0.948826299082908,0.994199188396432
2.93,0.949309675068749,0.994313725588634
2.94,0.949788726809734,0.994426007561915
2.95,0.950263488441443,0.994536078473978
2.96,0.950733993915973,0.994643981627574
2.97,0.9512002770012,0.99474975948668
2.98,0.951662371280095,0.994853453692379
2.99,0.952120310150081,0.994955105078461
3,0.952574126822433,0.99505475368673
3.01,0.953023854321716,0.995152438782052
3.02,0.953469525485269,0.99524819886711
3.03,0.95391117296272,0.995342071696906
3.04,0.954348829215556,0.995434094292994
3.05,0.954782526516712,0.995524302957447
3.06,0.955212296950213,0.995612733286583
3.07,0.955638172410844,0.995699420184422
3.08,0.956060184603859,0.995784397875914
3.09,0.956478365044728,0.995867699919909
3.1,0.956892745058914,0.9959493592219
3.11,0.957303355781686,0.996029408046523
3.12,0.957710228157966,0.996107878029829
3.13,0.958113392942207,0.996184800191332
3.14,0.958512880698304,0.996260204945832
3.15,0.958908721799535,0.996334122115014
3.16,0.959300946428534,0.996406580938843
3.17,0.959689584577291,0.996477610086734
3.18,0.960074666047186,0.996547237668526
3.19,0.960456220449047,0.996615491245241
3.2,0.960834277203236,0.996682397839651
3.21,0.961208865539764,0.996747983946644
3.22,0.961580014498435,0.996812275543394
3.23,0.961947752929008,0.996875298099342
3.24,0.962312109491394,0.996937076585993
3.25,0.962673112655871,0.996997635486526
3.26,0.963030790703323,0.997056998805221
3.27,0.96338517172551,0.997115190076715
3.28,0.963736283625352,0.997172232375079
3.29,0.964084154117238,0.997228148322724
3.3,0.964428810727364,0.997282960099142
3.31,0.964770280794078,0.997336689449479
3.32,0.965108591468263,0.997389357692946
3.33,0.965443769713724,0.997440985731074
3.34,0.965775842307604,0.997491594055806
3.35,0.966104835840822,0.997541202757445
3.36,0.966430776718518,0.997589831532442
3.37,0.966753691160526,0.997637499691042
3.38,0.967073605201864,0.997684226164781
3.39,0.967390544693234,0.997730029513844
3.4,0.967704535301549,0.997774927934279
3.41,0.968015602510467,0.997818939265078
3.42,0.968323771620944,0.997862080995116
3.43,0.968629067751806,0.997904370269966
3.44,0.968931515840333,0.997945823898577
3.45,0.969231140642852,0.997986458359829
3.46,0.969527966735356,0.998026289808958
3.47,0.969822018514124,0.998065334083864
3.48,0.970113320196364,0.998103606711293
3.49,0.970401895820861,0.998141122912899
3.5,0.970687769248644,0.998177897611199
3.51,0.970970964163659,0.998213945435404
3.52,0.97125150407346,0.998249280727141
3.53,0.971529412309903,0.99828391754607
3.54,0.971804712029857,0.998317869675382
3.55,0.972077426215927,0.998351150627203
3.56,0.972347577677177,0.998383773647888
3.57,0.972615189049874,0.99841575172321
3.58,0.972880282798237,0.998447097583458
3.59,0.97314288121519,0.99847782370843
3.6,0.973403006423134,0.998507942332327
3.61,0.973660680374717,0.998537465448561
3.62,0.973915924853617,0.998566404814467
3.63,0.974168761475336,0.998594771955917
3.64,0.974419211687992,0.998622578171854
3.65,0.974667296773128,0.998649834538734
3.66,0.97491303784652,0.998676551914886
3.67,0.975156455858996,0.998702740944777
3.68,0.97539757159726,0.99872841206321
3.69,0.975636405684722,0.998753575499424
3.7,0.975872978582331,0.998778241281131
3.71,0.976107310589417,0.998802419238461
3.72,0.976339421844539,0.998826119007838
3.73,0.97656933232633,0.998849350035779
3.74,0.976797061854356,0.998872121582616
3.75,0.977022630089974,0.998894442726153
3.76,0.977246056537196,0.998916322365245
3.77,0.977467360543553,0.998937769223312
3.78,0.977686561300968,0.998958791851778
3.79,0.97790367784663,0.998979398633453
3.8,0.978118729063869,0.998999597785841
3.81,0.978331733683039,0.999019397364387
3.82,0.978542710282396,0.999038805265659
3.83,0.978751677288986,0.999057829230474
3.84,0.978958652979532,0.999076476846952
3.85,0.97916365548132,0.999094755553519
3.86,0.979366702773094,0.999112672641851
3.87,0.979567812685947,0.999130235259758
3.88,0.979767002904215,0.99914745041401
3.89,0.97996429096637,0.999164324973113
3.9,0.980159694265923,0.999180865670028
3.91,0.980353230052311,0.999197079104834
3.92,0.980544915431807,0.999212971747347
3.93,0.980734767368408,0.999228549939677
3.94,0.980922802684742,0.999243819898746
3.95,0.981109038062961,0.999258787718747
3.96,0.981293490045645,0.999273459373564
3.97,0.981476175036701,0.999287840719135
3.98,0.981657109302257,0.99930193749578
3.99,0.981836308971567,0.99931575533047
4,0.982013790037908,0.999329299739067
4.01,0.982189568359475,0.999342576128504
4.02,0.982363659660277,0.999355589798937
4.03,0.98253607953104,0.999368345945844
4.04,0.982706843430095,0.999380849662089
4.05,0.982875966684272,0.999393105939942
4.06,0.983043464489799,0.999405119673064
4.07,0.983209351913186,0.999416895658445
4.08,0.983373643892118,0.999428438598316
4.09,0.983536355236344,0.99943975310201
4.1,0.983697500628559,0.999450843687797
4.11,0.983857094625295,0.999461714784678
4.12,0.984015151657797,0.999472370734143
4.13,0.98417168603291,0.999482815791901
4.14,0.984326711933951,0.999493054129567
4.15,0.984480243421591,0.999503089836321
4.16,0.984632294434724,0.999512926920537
4.17,0.984782878791344,0.99952256931137
4.18,0.984932010189407,0.999532020860328
4.19,0.985079702207706,0.999541285342794
4.2,0.985225968306727,0.999550366459533
4.21,0.985370821829516,0.999559267838166
4.22,0.985514276002533,0.999567993034607
4.23,0.985656343936512,0.999576545534482
4.24,0.985797038627309,0.999584928754515
4.25,0.985936372956754,0.99959314604389
4.26,0.9860743596935,0.999601200685578
4.27,0.986211011493859,0.999609095897651
4.28,0.986346340902649,0.999616834834557
4.29,0.98648036035403,0.999624420588382
4.3,0.986613082172335,0.999631856190073
4.31,0.986744518572901,0.999639144610653
4.32,0.986874681662897,0.9996462887624
4.33,0.987003583442147,0.999653291500006
4.34,0.987131235803948,0.999660155621717
4.35,0.987257650535888,0.999666883870445
4.36,0.987382839320661,0.999673478934864
4.37,0.98750681373687,0.999679943450476
4.38,0.987629585259838,0.999686280000666
4.39,0.987751165262404,0.99969249111773
4.4,0.987871565015726,0.999698579283881
4.41,0.987990795690073,0.999704546932242
4.42,0.988108868355613,0.999710396447816
4.43,0.988225793983203,0.999716130168434
4.44,0.988341583445167,0.999721750385687
4.45,0.988456247516078,0.999727259345841
4.46,0.988569796873529,0.999732659250733
4.47,0.988682242098908,0.999737952258646
4.48,0.988793593678157,0.999743140485174
4.49,0.988903862002543,0.99974822600406
4.5,0.989013057369407,0.999753210848027
4.51,0.989121189982926,0.99975809700959
4.52,0.989228269954858,0.999762886441844
4.53,0.98933430730529,0.99976758105925
4.54,0.989439311963377,0.999772182738395
4.55,0.989543293768082,0.999776693318741
4.56,0.989646262468908,0.999781114603359
4.57,0.989748227726628,0.999785448359649
4.58,0.989849199114007,0.999789696320044
4.59,0.989949186116526,0.999793860182703
4.6,0.990048198133096,0.999797941612184
4.61,0.990146244476769,0.999801942240116
4.62,0.990243334375449,0.999805863665841
4.63,0.990339476972592,0.999809707457059
4.64,0.990434681327908,0.999813475150452
4.65,0.990528956418054,0.999817168252296
4.66,0.990622311137323,0.999820788239061
4.67,0.990714754298335,0.999824336558004
4.68,0.990806294632712,0.999827814627745
4.69,0.990896940791763,0.999831223838832
4.7,0.990986701347152,0.999834565554297
4.71,0.991075584791569,0.999837841110201
4.72,0.991163599539392,0.999841051816165
4.73,0.991250753927353,0.999844198955898
4.74,0.991337056215187,0.999847283787701
4.75,0.991422514586288,0.999850307544979
4.76,0.991507137148356,0.999853271436724
4.77,0.991590931934037,0.999856176648007
4.78,0.991673906901566,0.999859024340445
4.79,0.991756069935398,0.999861815652664
4.8,0.99183742884684,0.99986455170076
4.81,0.991917991374675,0.99986723357874
4.82,0.991997765185784,0.999869862358959
4.83,0.992076757875765,0.999872439092548
4.84,0.992154976969544,0.999874964809839
4.85,0.992232429921985,0.999877440520767
4.86,0.992309124118492,0.999879867215283
4.87,0.992385066875611,0.999882245863744
4.88,0.992460265441627,0.9998845774173
4.89,0.992534726997152,0.999886862808279
4.9,0.992608458655718,0.999889102950554
4.91,0.992681467464354,0.999891298739911
4.92,0.992753760404169,0.999893451054404
4.93,0.992825344390925,0.999895560754711
4.94,0.992896226275611,0.999897628684473
4.95,0.992966412845005,0.999899655670632
4.96,0.993035910822238,0.999901642523764
4.97,0.993104726867354,0.9999035900384
4.98,0.993172867577862,0.999905498993342
4.99,0.993240339489287,0.999907370151982
